date,ticker,amount,price,buyorsell
2020-01-02,013000,4901,2040,buy
2020-01-02,011200,2449,3675,buy
2020-01-02,071950,6230,1300,buy
2020-01-02,013000,4901,2075,sell
2020-01-02,071950,6230,1305,sell
2020-01-02,011200,2449,3750,sell
2020-01-03,009470,627,16000,buy
2020-01-03,009470,627,15800,sell
2020-01-06,011000,4260,2353,buy
2020-01-06,005420,1441,6260,buy
2020-01-06,011000,4260,2257,sell
2020-01-06,005420,1441,6550,sell
2020-01-07,069730,2115,4740,buy
2020-01-07,006120,336,26850,buy
2020-01-07,009320,3867,2100,buy
2020-01-07,090080,6016,1215,buy
2020-01-07,118000,1890,3480,buy
2020-01-07,006120,336,26750,sell
2020-01-07,069730,2115,4860,sell
2020-01-07,118000,1890,3445,sell
2020-01-07,090080,6016,1205,sell
2020-01-07,009320,3867,2075,sell
2020-01-09,015260,4131,2427,buy
2020-01-09,005420,1390,6490,buy
2020-01-09,005420,1390,6580,sell
2020-01-09,015260,4131,2479,sell
2020-01-10,009320,4615,2180,buy
2020-01-10,008700,4332,2090,buy
2020-01-10,014910,3772,2160,buy
2020-01-10,074610,1013,7240,buy
2020-01-10,009420,184,35750,buy
2020-01-10,002210,382,15550,buy
2020-01-10,004310,962,5560,buy
2020-01-10,002210,382,15550,sell
2020-01-10,009420,184,37500,sell
2020-01-10,004310,962,5670,sell
2020-01-10,074610,1013,7210,sell
2020-01-10,014910,3772,2195,sell
2020-01-10,008700,4332,2145,sell
2020-01-10,009320,4615,2335,sell
2020-01-13,002720,2096,4870,buy
2020-01-13,070960,1531,6000,buy
2020-01-13,002720,2096,4760,sell
2020-01-13,070960,1531,6130,sell
2020-01-14,009320,4243,2405,buy
2020-01-14,000040,7744,1186,buy
2020-01-14,009320,4243,2475,sell
2020-01-14,000040,7744,1149,sell
2020-01-15,003060,7645,1335,buy
2020-01-15,008700,4312,2130,buy
2020-01-15,001820,131,63000,buy
2020-01-15,008700,4312,2135,sell
2020-01-15,003060,7645,1230,sell
2020-01-15,001820,131,60900,sell
2020-01-16,109070,522,19320,buy
2020-01-16,109070,522,16980,sell
2020-01-17,011230,3441,2900,buy
2020-01-17,009470,531,16900,buy
2020-01-17,018500,8942,904,buy
2020-01-17,009470,531,16500,sell
2020-01-17,011230,3441,2805,sell
2020-01-17,018500,8942,903,sell
2020-01-20,018500,10799,919,buy
2020-01-20,074610,1215,7350,buy
2020-01-20,004310,1499,5360,buy
2020-01-20,004310,1499,5310,sell
2020-01-20,018500,10799,907,sell
2020-01-20,074610,1215,7080,sell
2020-01-21,023350,2413,4090,buy
2020-01-21,002210,562,15800,buy
2020-01-21,109070,444,18000,buy
2020-01-21,015590,8291,868,buy
2020-01-21,010770,1709,3790,buy
2020-01-21,015590,8291,836,sell
2020-01-21,010770,1709,3830,sell
2020-01-21,109070,444,17820,sell
2020-01-21,023350,2413,4030,sell
2020-01-21,002210,562,15550,sell
2020-01-22,002210,625,15700,buy
2020-01-22,010770,2309,3825,buy
2020-01-22,018500,8503,935,buy
2020-01-22,074610,1016,7040,buy
2020-01-22,002210,625,15850,sell
2020-01-22,010770,2309,3745,sell
2020-01-22,018500,8503,921,sell
2020-01-22,074610,1016,7040,sell
2020-01-23,093240,6179,1585,buy
2020-01-23,081000,302,29150,buy
2020-01-23,008700,3724,2130,buy
2020-01-23,093240,6179,1530,sell
2020-01-23,081000,302,28450,sell
2020-01-23,008700,3724,2105,sell
2020-01-28,002210,615,15800,buy
2020-01-28,014910,4073,2150,buy
2020-01-28,009320,3419,2305,buy
2020-01-28,003280,16613,427,buy
2020-01-28,009320,3419,2290,sell
2020-01-28,003280,16613,425,sell
2020-01-28,014910,4073,2130,sell
2020-01-28,002210,615,15450,sell
2020-01-29,010420,5021,1930,buy
2020-01-29,013870,1624,5370,buy
2020-01-29,012280,4672,1680,buy
2020-01-29,144620,3140,2250,buy
2020-01-29,012280,4672,1665,sell
2020-01-29,010420,5021,1990,sell
2020-01-29,144620,3140,2165,sell
2020-01-29,013870,1624,5740,sell
2020-01-30,004870,6371,1530,buy
2020-01-30,032560,1253,7000,buy
2020-01-30,011230,2845,2775,buy
2020-01-30,023800,1472,4825,buy
2020-01-30,010770,1683,3800,buy
2020-01-30,010770,1683,3730,sell
2020-01-30,032560,1253,6800,sell
2020-01-30,004870,6371,1450,sell
2020-01-30,011230,2845,2850,sell
2020-01-30,023800,1472,4800,sell
2020-01-31,005110,4137,2339,buy
2020-01-31,035510,74,117500,buy
2020-01-31,035510,74,113000,sell
2020-01-31,005110,4137,2217,sell
2020-02-03,004310,1955,4905,buy
2020-02-03,011230,3117,2770,buy
2020-02-03,090080,6292,1235,buy
2020-02-03,002210,496,14100,buy
2020-02-03,002210,496,13850,sell
2020-02-03,090080,6292,1250,sell
2020-02-03,011230,3117,2695,sell
2020-02-03,004310,1955,4950,sell
2020-02-04,011230,3089,3100,buy
2020-02-04,008700,4419,1950,buy
2020-02-04,004310,1542,5030,buy
2020-02-04,090080,5229,1335,buy
2020-02-04,002210,440,14250,buy
2020-02-04,031820,3745,1510,buy
2020-02-04,093230,24833,205,buy
2020-02-04,011230,3089,3300,sell
2020-02-04,002210,440,14550,sell
2020-02-04,093230,24833,204,sell
2020-02-04,031820,3745,1515,sell
2020-02-04,008700,4419,1980,sell
2020-02-04,090080,5229,1310,sell
2020-02-04,004310,1542,5070,sell
2020-02-05,074610,1238,7800,buy
2020-02-05,074610,1238,7460,sell
2020-02-06,001020,6590,1459,buy
2020-02-06,000520,421,20550,buy
2020-02-06,005390,5790,1345,buy
2020-02-06,008700,3436,2040,buy
2020-02-06,005390,5790,1350,sell
2020-02-06,000520,421,20700,sell
2020-02-06,001020,6590,1442,sell
2020-02-06,008700,3436,2040,sell
2020-02-07,008700,4700,2045,buy
2020-02-07,081000,300,28750,buy
2020-02-07,002760,3665,2125,buy
2020-02-07,002720,1075,6520,buy
2020-02-07,011420,3277,1925,buy
2020-02-07,081000,300,28000,sell
2020-02-07,011420,3277,1915,sell
2020-02-07,002720,1075,6340,sell
2020-02-07,008700,4700,2070,sell
2020-02-07,002760,3665,2130,sell
2020-02-10,008700,4595,2085,buy
2020-02-10,011230,2703,3190,buy
2020-02-10,001140,3758,2065,buy
2020-02-10,008700,4595,2105,sell
2020-02-10,001140,3758,2060,sell
2020-02-10,011230,2703,3160,sell
2020-02-11,000520,456,21000,buy
2020-02-11,074610,1170,7370,buy
2020-02-11,000520,456,20400,sell
2020-02-11,074610,1170,7370,sell
2020-02-12,008700,4516,2115,buy
2020-02-12,002760,4084,2105,buy
2020-02-12,002760,4084,2100,sell
2020-02-12,008700,4516,2105,sell
2020-02-13,014990,4524,2110,buy
2020-02-13,000300,11456,750,buy
2020-02-13,017180,1674,4618,buy
2020-02-13,002720,1254,5550,buy
2020-02-13,014990,4524,2065,sell
2020-02-13,017180,1674,4655,sell
2020-02-13,002720,1254,5310,sell
2020-02-13,000300,11456,763,sell
2020-02-14,000220,820,11600,buy
2020-02-14,002760,3993,2145,buy
2020-02-14,005320,6561,1175,buy
2020-02-14,005320,6561,1170,sell
2020-02-14,002760,3993,2080,sell
2020-02-14,000220,820,11400,sell
2020-02-17,010770,2419,3915,buy
2020-02-17,008700,3955,2155,buy
2020-02-17,008700,3955,2155,sell
2020-02-17,010770,2419,4100,sell
2020-02-18,000520,469,20250,buy
2020-02-18,002210,596,14350,buy
2020-02-18,004770,1702,4530,buy
2020-02-18,004310,1363,5090,buy
2020-02-18,002880,6879,908,buy
2020-02-18,002210,596,13950,sell
2020-02-18,004310,1363,5060,sell
2020-02-18,002880,6879,905,sell
2020-02-18,000520,469,20050,sell
2020-02-18,004770,1702,4445,sell
2020-02-19,010420,5019,1885,buy
2020-02-19,000520,421,20200,buy
2020-02-19,004310,1497,5120,buy
2020-02-19,017180,1429,4828,buy
2020-02-19,000520,421,20400,sell
2020-02-19,017180,1429,4763,sell
2020-02-19,010420,5019,1905,sell
2020-02-19,004310,1497,5140,sell
2020-02-20,002210,671,14100,buy
2020-02-20,002720,1085,7860,buy
2020-02-20,002720,1085,6650,sell
2020-02-20,002210,671,13750,sell
2020-02-21,013000,4816,1935,buy
2020-02-21,010770,2073,4045,buy
2020-02-21,006490,2443,3090,buy
2020-02-21,004770,1553,4375,buy
2020-02-21,001290,4931,1240,buy
2020-02-21,069730,1249,4405,buy
2020-02-21,006490,2443,3020,sell
2020-02-21,069730,1249,4230,sell
2020-02-21,013000,4816,1885,sell
2020-02-21,010770,2073,3960,sell
2020-02-21,004770,1553,4200,sell
2020-02-21,001290,4931,1210,sell
2020-02-24,000520,466,19700,buy
2020-02-24,014910,3942,2100,buy
2020-02-24,004770,1782,4180,buy
2020-02-24,011300,12040,557,buy
2020-02-24,017180,1243,4856,buy
2020-02-24,014910,3942,2000,sell
2020-02-24,011300,12040,540,sell
2020-02-24,017180,1243,4567,sell
2020-02-24,000520,466,18400,sell
2020-02-24,004770,1782,4055,sell
2020-02-25,033180,1616,5580,buy
2020-02-25,008700,4340,1870,buy
2020-02-25,004770,1788,4085,buy
2020-02-25,012280,4457,1475,buy
2020-02-25,001420,1525,3880,buy
2020-02-25,002210,436,12200,buy
2020-02-25,004720,793,6040,buy
2020-02-25,033180,1616,5800,sell
2020-02-25,004770,1788,4240,sell
2020-02-25,004720,793,5910,sell
2020-02-25,012280,4457,1495,sell
2020-02-25,008700,4340,1915,sell
2020-02-25,002210,436,12750,sell
2020-02-25,001420,1525,3965,sell
2020-02-26,008700,4771,1915,buy
2020-02-26,009270,5188,1585,buy
2020-02-26,004720,1223,6050,buy
2020-02-26,009270,5188,1610,sell
2020-02-26,008700,4771,1920,sell
2020-02-26,004720,1223,6060,sell
2020-02-27,001290,7757,1180,buy
2020-02-27,004720,1303,6320,buy
2020-02-27,002210,566,13100,buy
2020-02-27,004720,1303,6020,sell
2020-02-27,002210,566,12800,sell
2020-02-27,001290,7757,1160,sell
2020-02-28,002420,157,57700,buy
2020-03-02,001290,7203,1135,buy
2020-03-02,145270,8477,868,buy
2020-03-02,033180,1191,5560,buy
2020-03-02,001290,7203,1135,sell
2020-03-02,033180,1191,5610,sell
2020-03-02,145270,8477,854,sell
2020-03-03,014990,4722,1730,buy
2020-03-03,009270,4698,1565,buy
2020-03-03,008970,6951,952,buy
2020-03-03,033180,997,5970,buy
2020-03-03,069460,1811,2960,buy
2020-03-03,033180,997,5730,sell
2020-03-03,002420,157,55600,sell
2020-03-03,069460,1811,2850,sell
2020-03-03,008970,6951,935,sell
2020-03-03,014990,4722,1725,sell
2020-03-03,009270,4698,1565,sell
2020-03-04,133820,4131,2175,buy
2020-03-04,000520,450,17950,buy
2020-03-04,005390,5846,1245,buy
2020-03-04,001380,4502,1455,buy
2020-03-04,009180,3878,1520,buy
2020-03-04,004770,1239,4280,buy
2020-03-04,014990,2721,1755,buy
2020-03-04,009270,2695,1595,buy
2020-03-04,009180,3878,1545,sell
2020-03-04,004770,1239,4250,sell
2020-03-04,001380,4502,1460,sell
2020-03-04,005390,5846,1275,sell
2020-03-04,014990,2721,1760,sell
2020-03-04,000520,450,18200,sell
2020-03-04,009270,2695,1600,sell
2020-03-04,133820,4131,2235,sell
2020-03-05,007610,3376,2680,buy
2020-03-05,023800,1721,4730,buy
2020-03-05,000520,388,18850,buy
2020-03-05,017180,1536,4296,buy
2020-03-05,008970,6199,958,buy
2020-03-05,000520,388,18950,sell
2020-03-05,017180,1536,4352,sell
2020-03-05,008970,6199,959,sell
2020-03-05,023800,1721,4690,sell
2020-03-05,007610,3376,2690,sell
2020-03-10,006340,9436,960,buy
2020-03-10,007610,3248,2510,buy
2020-03-10,013700,5755,1275,buy
2020-03-10,071950,6086,1085,buy
2020-03-10,071950,6086,1070,sell
2020-03-10,006340,9436,955,sell
2020-03-10,007610,3248,2520,sell
2020-03-10,013700,5755,1265,sell
2020-03-11,001260,1011,8940,buy
2020-03-11,001260,1011,8350,sell
2020-03-12,005690,863,10400,buy
2020-03-12,005690,863,9600,sell
2020-03-13,091090,4583,1945,buy
2020-03-13,008970,9677,829,buy
2020-03-13,071970,4011,1800,buy
2020-03-13,082740,2337,2780,buy
2020-03-13,002210,576,10150,buy
2020-03-13,008970,9677,798,sell
2020-03-13,082740,2337,2700,sell
2020-03-13,071970,4011,1700,sell
2020-03-13,091090,4583,1925,sell
2020-03-13,002210,576,9690,sell
2020-03-16,264900,1373,6400,buy
2020-03-16,091090,3877,2040,buy
2020-03-16,004770,2109,3375,buy
2020-03-16,005690,644,9950,buy
2020-03-16,005320,3685,1565,buy
2020-03-16,004770,2109,3095,sell
2020-03-16,264900,1373,6100,sell
2020-03-16,005320,3685,1405,sell
2020-03-16,005690,644,9340,sell
2020-03-16,091090,3877,1865,sell
2020-03-17,091090,4722,1805,buy
2020-03-17,007610,4146,1850,buy
2020-03-17,005690,709,9730,buy
2020-03-17,006490,2890,2150,buy
2020-03-17,002140,3223,1735,buy
2020-03-17,006340,7580,664,buy
2020-03-17,002210,503,9000,buy
2020-03-17,005320,3136,1300,buy
2020-03-17,017040,2531,1450,buy
2020-03-17,002210,503,9140,sell
2020-03-17,091090,4722,1880,sell
2020-03-17,017040,2531,1500,sell
2020-03-17,006490,2890,2250,sell
2020-03-17,007610,4146,1915,sell
2020-03-17,005690,709,9590,sell
2020-03-17,005320,3136,1255,sell
2020-03-17,002140,3223,1800,sell
2020-03-17,006340,7580,729,sell
2020-03-18,000520,607,14300,buy
2020-03-18,005320,5444,1435,buy
2020-03-18,000520,607,12200,sell
2020-03-18,005320,5444,1630,sell
2020-03-19,008970,10432,830,buy
2020-03-19,008970,10432,700,sell
2020-03-20,004720,1821,4680,buy
2020-03-20,017180,2122,3614,buy
2020-03-20,004720,1821,4850,sell
2020-03-20,017180,2122,3586,sell
2020-03-23,008970,12247,698,buy
2020-03-23,000520,580,13250,buy
2020-03-23,017180,1753,3950,buy
2020-03-23,002210,865,7200,buy
2020-03-23,017180,1753,4053,sell
2020-03-23,000520,580,13200,sell
2020-03-23,008970,12247,684,sell
2020-03-23,002210,865,7360,sell
2020-03-24,008970,12159,704,buy
2020-03-24,090080,9752,790,buy
2020-03-24,004310,2117,3275,buy
2020-03-24,010960,1803,3460,buy
2020-03-24,085310,10084,557,buy
2020-03-24,002210,596,8480,buy
2020-03-24,006490,2309,1970,buy
2020-03-24,007610,2481,1650,buy
2020-03-24,090080,9752,780,sell
2020-03-24,004310,2117,3335,sell
2020-03-24,010960,1803,3465,sell
2020-03-24,008970,12159,705,sell
2020-03-24,006490,2309,1935,sell
2020-03-24,007610,2481,1665,sell
2020-03-24,085310,10084,573,sell
2020-03-24,002210,596,9350,sell
2020-03-25,006340,13316,648,buy
2020-03-25,002760,6263,1240,buy
2020-03-25,025620,3737,1870,buy
2020-03-25,007610,3534,1780,buy
2020-03-25,006340,13316,671,sell
2020-03-25,007610,3534,1850,sell
2020-03-25,025620,3737,1925,sell
2020-03-25,002760,6263,1245,sell
2020-03-26,007610,4420,1970,buy
2020-03-26,069460,4543,1725,buy
2020-03-26,002140,4137,1705,buy
2020-03-26,017040,4755,1335,buy
2020-03-26,004770,2051,2785,buy
2020-03-26,014990,4339,1185,buy
2020-03-26,003280,18079,256,buy
2020-03-26,000520,278,14950,buy
2020-03-26,017040,4755,1325,sell
2020-03-26,014990,4339,1195,sell
2020-03-26,002140,4137,1795,sell
2020-03-26,069460,4543,1710,sell
2020-03-26,007610,4420,1950,sell
2020-03-26,004770,2051,2795,sell
2020-03-26,003280,18079,241,sell
2020-03-26,000520,278,15100,sell
2020-03-27,020120,2671,3260,buy
2020-03-27,005690,404,19400,buy
2020-03-27,001340,3142,2245,buy
2020-03-27,020120,2671,3240,sell
2020-03-27,005690,404,19000,sell
2020-03-27,001340,3142,2115,sell
2020-03-30,004770,2940,2940,buy
2020-03-30,033180,1884,4130,buy
2020-03-30,003580,1207,5800,buy
2020-03-30,002210,636,9900,buy
2020-03-30,008970,7274,780,buy
2020-03-30,006490,2279,2240,buy
2020-03-30,017180,988,4651,buy
2020-03-30,004770,2940,3440,sell
2020-03-30,033180,1884,4165,sell
2020-03-30,002210,636,9990,sell
2020-03-30,017180,988,4707,sell
2020-03-30,006490,2279,2250,sell
2020-03-30,003580,1207,5940,sell
2020-03-30,008970,7274,788,sell
2020-03-31,033180,1946,4540,buy
2020-03-31,005110,5428,1465,buy
2020-03-31,002760,4803,1490,buy
2020-03-31,002210,588,10950,buy
2020-03-31,123690,473,12250,buy
2020-03-31,006490,2134,2445,buy
2020-03-31,000520,279,16800,buy
2020-03-31,005110,5428,1653,sell
2020-03-31,002210,588,10900,sell
2020-03-31,000520,279,17100,sell
2020-03-31,006490,2134,2380,sell
2020-03-31,002760,4803,1475,sell
2020-03-31,123690,473,12150,sell
2020-03-31,033180,1946,4835,sell
2020-04-01,002760,5662,1585,buy
2020-04-01,002760,5662,1530,sell
2020-04-03,017180,1885,4744,buy
2020-04-03,004310,1909,4215,buy
2020-04-03,017180,1885,5463,sell
2020-04-03,004310,1909,4105,sell
2020-04-06,016360,322,28100,buy
2020-04-06,005110,4762,1712,buy
2020-04-06,033180,1490,4925,buy
2020-04-06,002760,3978,1660,buy
2020-04-06,033180,1490,4935,sell
2020-04-06,002760,3978,1665,sell
2020-04-06,005110,4762,1727,sell
2020-04-06,016360,322,28700,sell
2020-04-07,074610,1823,4985,buy
2020-04-07,074610,1823,4765,sell
2020-04-08,033180,1730,5230,buy
2020-04-08,005030,24308,335,buy
2020-04-08,002760,4140,1770,buy
2020-04-08,005690,378,17450,buy
2020-04-08,002720,862,6880,buy
2020-04-08,033180,1730,5060,sell
2020-04-08,002760,4140,1745,sell
2020-04-08,005030,24308,338,sell
2020-04-08,002720,862,8040,sell
2020-04-08,005690,378,17550,sell
2020-04-09,002720,1036,8800,buy
2020-04-09,004720,1025,8000,buy
2020-04-09,033250,3224,2291,buy
2020-04-09,002760,3574,1860,buy
2020-04-09,017180,1130,5295,buy
2020-04-09,002720,1036,8770,sell
2020-04-09,002760,3574,1845,sell
2020-04-09,017180,1130,5118,sell
2020-04-09,004720,1025,7210,sell
2020-04-09,033250,3224,2152,sell
2020-04-10,019170,376,23800,buy
2020-04-10,058850,4775,1690,buy
2020-04-10,074610,1474,4925,buy
2020-04-10,019170,376,23750,sell
2020-04-10,074610,1474,4865,sell
2020-04-10,058850,4775,1650,sell
2020-04-13,033180,1685,5300,buy
2020-04-13,033180,1685,5570,sell
2020-04-14,118000,3414,2630,buy
2020-04-14,005110,4637,1743,buy
2020-04-14,007280,5639,1290,buy
2020-04-14,069460,3155,2075,buy
2020-04-14,033250,2905,2028,buy
2020-04-14,033250,2905,1991,sell
2020-04-14,069460,3155,2110,sell
2020-04-14,007280,5639,1305,sell
2020-04-14,005110,4637,1747,sell
2020-04-14,118000,3414,2510,sell
2020-04-16,005070,1032,8670,buy
2020-04-16,009470,605,13300,buy
2020-04-16,002150,904,8020,buy
2020-04-16,008700,4170,1565,buy
2020-04-16,074610,1116,5260,buy
2020-04-16,007610,1987,2660,buy
2020-04-16,007610,1987,2730,sell
2020-04-16,008700,4170,1600,sell
2020-04-16,005070,1032,8960,sell
2020-04-16,002150,904,8760,sell
2020-04-16,074610,1116,5180,sell
2020-04-16,009470,605,13450,sell
2020-04-17,005820,562,16137,buy
2020-04-17,033180,1354,6030,buy
2020-04-17,006490,2607,2820,buy
2020-04-17,074610,1203,5500,buy
2020-04-17,005820,562,15706,sell
2020-04-17,074610,1203,5610,sell
2020-04-17,033180,1354,6050,sell
2020-04-17,006490,2607,2890,sell
2020-04-20,058730,1506,6030,buy
2020-04-20,069460,3494,2340,buy
2020-04-20,017040,3504,2100,buy
2020-04-20,008970,6309,1050,buy
2020-04-20,071950,5139,1160,buy
2020-04-20,023350,1273,4215,buy
2020-04-20,002900,4666,1035,buy
2020-04-20,004920,5249,828,buy
2020-04-20,007610,1317,2970,buy
2020-04-20,007610,1317,2830,sell
2020-04-20,002900,4666,1050,sell
2020-04-20,058730,1506,6010,sell
2020-04-20,017040,3504,2085,sell
2020-04-20,071950,5139,1165,sell
2020-04-20,069460,3494,2830,sell
2020-04-20,008970,6309,1105,sell
2020-04-20,004920,5249,890,sell
2020-04-20,023350,1273,4095,sell
2020-04-21,001260,764,12150,buy
2020-04-21,008970,6999,1195,buy
2020-04-21,069460,2243,3355,buy
2020-04-21,014790,2196,3085,buy
2020-04-21,069460,2243,3000,sell
2020-04-21,001260,764,13950,sell
2020-04-21,008970,6999,1040,sell
2020-04-21,014790,2196,3220,sell
2020-04-22,000910,3219,2880,buy
2020-04-22,017550,5562,1500,buy
2020-04-22,000910,3219,3240,sell
2020-04-22,017550,5562,1555,sell
2020-04-23,033180,1585,5940,buy
2020-04-23,069460,2556,3315,buy
2020-04-23,003010,1708,4465,buy
2020-04-23,002760,3804,1805,buy
2020-04-23,033180,1585,5820,sell
2020-04-23,002760,3804,1790,sell
2020-04-23,069460,2556,3220,sell
2020-04-23,003010,1708,4410,sell
2020-04-24,010820,4383,2135,buy
2020-04-24,214330,7054,1194,buy
2020-04-24,118000,2877,2635,buy
2020-04-24,009270,4025,1695,buy
2020-04-24,003010,1326,4630,buy
2020-04-24,009270,4025,1695,sell
2020-04-24,214330,7054,1221,sell
2020-04-24,003010,1326,4400,sell
2020-04-24,010820,4383,2205,sell
2020-04-24,118000,2877,2625,sell
2020-04-27,013360,8408,1115,buy
2020-04-27,118000,3029,2785,buy
2020-04-27,214330,5762,1318,buy
2020-04-27,013360,8408,1100,sell
2020-04-27,118000,3029,2845,sell
2020-04-27,214330,5762,1294,sell
2020-04-28,012280,6643,1410,buy
2020-04-28,010820,3490,2415,buy
2020-04-28,003010,1693,4480,buy
2020-04-28,012280,6643,1400,sell
2020-04-28,010820,3490,2390,sell
2020-04-28,003010,1693,4365,sell
2020-04-29,003010,2111,4420,buy
2020-04-29,028100,458,18300,buy
2020-04-29,017040,3600,2100,buy
2020-04-29,023350,1651,4120,buy
2020-04-29,003010,2111,4355,sell
2020-04-29,028100,458,17350,sell
2020-04-29,023350,1651,4065,sell
2020-04-29,017040,3600,2060,sell
2020-05-04,033180,1779,5200,buy
2020-05-04,003010,1866,4460,buy
2020-05-04,006980,2247,3335,buy
2020-05-04,002900,6645,1015,buy
2020-05-04,011500,1258,4825,buy
2020-05-04,002140,1547,3530,buy
2020-05-04,003010,1866,4570,sell
2020-05-04,006980,2247,3320,sell
2020-05-04,002140,1547,3420,sell
2020-05-04,033180,1779,5130,sell
2020-05-04,011500,1258,4950,sell
2020-05-04,002900,6645,1010,sell
2020-05-06,071950,7807,1185,buy
2020-05-06,001550,485,17150,buy
2020-05-06,071950,7807,1165,sell
2020-05-06,001550,485,17200,sell
2020-05-07,031820,6460,1430,buy
2020-05-07,011390,53,156500,buy
2020-05-07,002690,3742,2000,buy
2020-05-07,025750,7419,908,buy
2020-05-07,002820,1445,4195,buy
2020-05-07,025750,7419,910,sell
2020-05-07,002820,1445,4225,sell
2020-05-07,002690,3742,2015,sell
2020-05-07,011390,53,155500,sell
2020-05-07,031820,6460,1410,sell
2020-05-08,012800,7156,1290,buy
2020-05-08,018470,13847,600,buy
2020-05-08,008420,3376,2215,buy
2020-05-08,009810,4952,1359,buy
2020-05-08,018470,13847,590,sell
2020-05-08,008420,3376,2215,sell
2020-05-08,009810,4952,1350,sell
2020-05-08,012800,7156,1230,sell
2020-05-11,031820,6324,1450,buy
2020-05-11,031820,6324,1425,sell
2020-05-12,003010,1951,4690,buy
2020-05-12,003010,1951,4545,sell
2020-05-13,011390,63,144000,buy
2020-05-13,001780,4058,2025,buy
2020-05-13,001780,4058,2000,sell
2020-05-13,011390,63,144500,sell
2020-05-14,227840,949,9600,buy
2020-05-14,006340,8087,1015,buy
2020-05-14,008350,1448,5100,buy
2020-05-14,009180,4617,1440,buy
2020-05-14,227840,949,9430,sell
2020-05-14,008350,1448,5020,sell
2020-05-14,009180,4617,1430,sell
2020-05-14,006340,8087,991,sell
2020-05-15,008250,1550,5850,buy
2020-05-15,008250,1550,5770,sell
2020-05-18,003010,1983,4565,buy
2020-05-18,001080,580,14050,buy
2020-05-18,025750,8223,892,buy
2020-05-18,003010,1983,4450,sell
2020-05-18,001080,580,13850,sell
2020-05-18,025750,8223,901,sell
2020-05-19,011390,62,145500,buy
2020-05-19,006340,8085,1005,buy
2020-05-19,004980,966,7570,buy
2020-05-19,227840,669,9830,buy
2020-05-19,011760,411,14400,buy
2020-05-19,004980,966,7340,sell
2020-05-19,227840,669,10000,sell
2020-05-19,011390,62,141500,sell
2020-05-19,006340,8085,1020,sell
2020-05-19,011760,411,14800,sell
2020-05-20,003160,2618,3445,buy
2020-05-20,008970,6910,1175,buy
2020-05-20,002760,3662,1995,buy
2020-05-20,006340,6293,1045,buy
2020-05-20,001140,3451,1715,buy
2020-05-20,008970,6910,1085,sell
2020-05-20,003160,2618,3550,sell
2020-05-20,006340,6293,1105,sell
2020-05-20,001140,3451,1725,sell
2020-05-20,002760,3662,1990,sell
2020-05-21,004540,2206,4090,buy
2020-05-21,014910,5014,1620,buy
2020-05-21,009470,389,18750,buy
2020-05-21,003010,1434,4590,buy
2020-05-21,003010,1434,4480,sell
2020-05-21,014910,5014,1625,sell
2020-05-21,004540,2206,4190,sell
2020-05-21,009470,389,18200,sell
2020-05-22,010050,15981,564,buy
2020-05-22,006340,6993,1160,buy
2020-05-22,003010,1575,4635,buy
2020-05-22,105840,1822,3605,buy
2020-05-22,006340,6993,1060,sell
2020-05-22,010050,15981,553,sell
2020-05-22,003010,1575,4655,sell
2020-05-22,105840,1822,3500,sell
2020-05-25,001470,11832,753,buy
2020-05-25,004830,2255,3555,buy
2020-05-25,031820,5118,1410,buy
2020-05-25,010040,1794,3620,buy
2020-05-25,010040,1794,3660,sell
2020-05-25,004830,2255,3570,sell
2020-05-25,001470,11832,730,sell
2020-05-25,031820,5118,1430,sell
2020-05-26,008700,4474,1990,buy
2020-05-26,105840,2241,3575,buy
2020-05-26,008970,6326,1140,buy
2020-05-26,069460,2395,2710,buy
2020-05-26,011390,42,139000,buy
2020-05-26,002760,2696,1950,buy
2020-05-26,004980,644,7340,buy
2020-05-26,008700,4474,2045,sell
2020-05-26,004980,644,7300,sell
2020-05-26,008970,6326,1105,sell
2020-05-26,105840,2241,3540,sell
2020-05-26,002760,2696,1940,sell
2020-05-26,069460,2395,2715,sell
2020-05-26,011390,42,141000,sell
2020-05-27,105840,2486,3580,buy
2020-05-27,001470,10626,754,buy
2020-05-27,011200,1521,4740,buy
2020-05-27,025750,6332,1025,buy
2020-05-27,008250,859,6800,buy
2020-05-27,008350,827,6350,buy
2020-05-27,010040,1246,3795,buy
2020-05-27,010040,1246,4115,sell
2020-05-27,011200,1521,4840,sell
2020-05-27,105840,2486,3640,sell
2020-05-27,025750,6332,1070,sell
2020-05-27,008250,859,7080,sell
2020-05-27,008350,827,6640,sell
2020-05-27,001470,10626,733,sell
2020-05-28,015020,13006,694,buy
2020-05-28,006340,7189,1130,buy
2020-05-28,015020,13006,663,sell
2020-05-28,006340,7189,1065,sell
2020-05-29,015020,13069,684,buy
2020-05-29,025750,7449,1080,buy
2020-05-29,008250,974,7430,buy
2020-05-29,008250,974,7460,sell
2020-05-29,025750,7449,1010,sell
2020-05-29,015020,13069,673,sell
2020-06-01,011390,63,140500,buy
2020-06-01,069460,3015,2650,buy
2020-06-01,008250,813,8840,buy
2020-06-01,031820,4656,1390,buy
2020-06-01,058730,1057,5510,buy
2020-06-01,092220,6449,813,buy
2020-06-01,011390,63,140000,sell
2020-06-01,092220,6449,817,sell
2020-06-01,058730,1057,5550,sell
2020-06-01,031820,4656,1370,sell
2020-06-01,069460,3015,2700,sell
2020-06-01,008250,813,8230,sell
2020-06-02,071090,512,17250,buy
2020-06-02,069460,2891,2750,buy
2020-06-02,008970,6362,1125,buy
2020-06-02,004090,65,98700,buy
2020-06-02,044380,3671,1580,buy
2020-06-02,069460,2891,2745,sell
2020-06-02,004090,65,98200,sell
2020-06-02,071090,512,17050,sell
2020-06-02,008970,6362,1125,sell
2020-06-02,044380,3671,1570,sell
2020-06-03,004140,4082,2160,buy
2020-06-03,004140,4082,2125,sell
2020-06-04,010820,3921,2245,buy
2020-06-04,069460,2844,2785,buy
2020-06-04,011390,50,141500,buy
2020-06-04,018500,7610,844,buy
2020-06-04,004140,2663,2170,buy
2020-06-04,018500,7610,816,sell
2020-06-04,011390,50,140500,sell
2020-06-04,069460,2844,2725,sell
2020-06-04,004140,2663,2160,sell
2020-06-04,010820,3921,2335,sell
2020-06-05,009470,453,19400,buy
2020-06-05,018500,9064,873,buy
2020-06-05,011760,453,15700,buy
2020-06-05,071950,5170,1240,buy
2020-06-05,018500,9064,835,sell
2020-06-05,071950,5170,1290,sell
2020-06-05,011760,453,15550,sell
2020-06-05,009470,453,19250,sell
2020-06-08,010820,3788,2315,buy
2020-06-08,010820,3788,2285,sell
2020-06-09,010820,3496,2505,buy
2020-06-09,010820,3496,2335,sell
2020-06-10,006340,8017,1085,buy
2020-06-10,006340,8017,1060,sell
2020-06-11,011390,65,132500,buy
2020-06-11,001550,475,16450,buy
2020-06-11,010820,3039,2315,buy
2020-06-11,010820,3039,2215,sell
2020-06-11,001550,475,16050,sell
2020-06-11,011390,65,129500,sell
2020-06-12,001550,550,15650,buy
2020-06-12,004090,81,94600,buy
2020-06-12,002100,626,11150,buy
2020-06-12,027740,7438,845,buy
2020-06-12,069460,2402,2355,buy
2020-06-12,000520,244,20850,buy
2020-06-12,005320,1423,3220,buy
2020-06-12,010820,1922,2145,buy
2020-06-12,001550,550,15550,sell
2020-06-12,004090,81,96300,sell
2020-06-12,010820,1922,2115,sell
2020-06-12,069460,2402,2385,sell
2020-06-12,000520,244,21500,sell
2020-06-12,027740,7438,852,sell
2020-06-12,002100,626,11500,sell
2020-06-12,005320,1423,3180,sell
2020-06-15,026940,2114,4095,buy
2020-06-15,026940,2114,3840,sell
2020-06-16,009180,5974,1440,buy
2020-06-16,008420,2846,2720,buy
2020-06-16,008970,6733,1035,buy
2020-06-16,004140,3266,1920,buy
2020-06-16,009180,5974,1540,sell
2020-06-16,004140,3266,1910,sell
2020-06-16,008420,2846,2640,sell
2020-06-16,008970,6733,1025,sell
2020-06-17,009470,471,18300,buy
2020-06-17,004140,4004,1940,buy
2020-06-17,027740,8225,850,buy
2020-06-17,002760,3419,1840,buy
2020-06-17,008260,2860,1980,buy
2020-06-17,008970,4997,1020,buy
2020-06-17,008970,4997,1005,sell
2020-06-17,002760,3419,1845,sell
2020-06-17,008260,2860,1945,sell
2020-06-17,009470,471,18250,sell
2020-06-17,027740,8225,840,sell
2020-06-17,004140,4004,1890,sell
2020-06-18,214330,4203,2042,buy
2020-06-18,026940,1875,4120,buy
2020-06-18,011150,1827,3805,buy
2020-06-18,101140,1790,3495,buy
2020-06-18,011150,1827,3625,sell
2020-06-18,101140,1790,3560,sell
2020-06-18,026940,1875,4125,sell
2020-06-18,214330,4203,2025,sell
2020-06-19,031820,6684,1280,buy
2020-06-19,001550,509,15100,buy
2020-06-19,002100,585,11850,buy
2020-06-19,008970,5999,1040,buy
2020-06-19,001550,509,15500,sell
2020-06-19,002100,585,11450,sell
2020-06-19,031820,6684,1295,sell
2020-06-19,008970,5999,1020,sell
2020-06-22,027740,10096,847,buy
2020-06-22,030720,849,9060,buy
2020-06-22,027740,10096,872,sell
2020-06-22,030720,849,8940,sell
2020-06-23,002760,4485,1910,buy
2020-06-23,090080,5907,1305,buy
2020-06-23,002760,4485,1860,sell
2020-06-23,090080,5907,1280,sell
2020-06-24,008420,3236,2635,buy
2020-06-24,008420,3236,2660,sell
2020-06-25,013000,4823,1770,buy
2020-06-25,027740,9125,842,buy
2020-06-25,074610,1092,6330,buy
2020-06-25,002760,3328,1870,buy
2020-06-25,090080,4393,1275,buy
2020-06-25,012280,3019,1670,buy
2020-06-25,013000,4823,1750,sell
2020-06-25,012280,3019,1660,sell
2020-06-25,090080,4393,1260,sell
2020-06-25,002760,3328,1830,sell
2020-06-25,074610,1092,6130,sell
2020-06-25,027740,9125,847,sell
2020-06-26,010820,3714,2285,buy
2020-06-26,012280,4441,1720,buy
2020-06-26,031820,5228,1315,buy
2020-06-26,008250,750,8240,buy
2020-06-26,012280,4441,1705,sell
2020-06-26,010820,3714,2250,sell
2020-06-26,031820,5228,1285,sell
2020-06-26,008250,750,8340,sell
2020-06-29,013000,4861,1740,buy
2020-06-29,002760,4229,1800,buy
2020-06-29,027740,8177,838,buy
2020-06-29,009470,339,18150,buy
2020-06-29,090080,4441,1250,buy
2020-06-29,027740,8177,833,sell
2020-06-29,090080,4441,1215,sell
2020-06-29,009470,339,17750,sell
2020-06-29,002760,4229,1885,sell
2020-06-29,013000,4861,1690,sell
2020-06-30,027740,10045,840,buy
2020-06-30,077970,1232,6160,buy
2020-06-30,077970,1232,6040,sell
2020-06-30,027740,10045,873,sell
2020-07-01,091090,2800,3020,buy
2020-07-01,001550,457,16650,buy
2020-07-01,002100,566,12100,buy
2020-07-01,002100,566,12300,sell
2020-07-01,091090,2800,2930,sell
2020-07-01,001550,457,17700,sell
2020-07-02,248170,187,45200,buy
2020-07-02,248170,187,45400,sell
2020-07-03,000520,453,18750,buy
2020-07-03,069460,3589,2130,buy
2020-07-03,003580,1164,5910,buy
2020-07-03,033180,1420,4360,buy
2020-07-03,069460,3589,2265,sell
2020-07-03,033180,1420,4345,sell
2020-07-03,000520,453,18650,sell
2020-07-03,003580,1164,5850,sell
2020-07-06,002760,4635,1840,buy
2020-07-06,248170,169,45200,buy
2020-07-06,011230,2574,2685,buy
2020-07-06,009470,339,18350,buy
2020-07-06,006880,1463,3825,buy
2020-07-06,003680,468,10750,buy
2020-07-06,002760,4635,1835,sell
2020-07-06,006880,1463,3770,sell
2020-07-06,003680,468,10750,sell
2020-07-06,248170,169,44250,sell
2020-07-06,009470,339,18550,sell
2020-07-06,011230,2574,2685,sell
2020-07-07,002360,10264,829,buy
2020-07-07,011230,2740,2795,buy
2020-07-07,248170,152,45150,buy
2020-07-07,007540,108,57200,buy
2020-07-07,248170,152,45050,sell
2020-07-07,002360,10264,810,sell
2020-07-07,011230,2740,2700,sell
2020-07-07,007540,108,57200,sell
2020-07-08,030720,919,9200,buy
2020-07-08,011230,2691,2830,buy
2020-07-08,030790,1032,6640,buy
2020-07-08,003010,1282,4810,buy
2020-07-08,011390,38,143000,buy
2020-07-08,013000,2693,1860,buy
2020-07-08,030790,1032,6480,sell
2020-07-08,011390,38,140000,sell
2020-07-08,013000,2693,1860,sell
2020-07-08,011230,2691,2820,sell
2020-07-08,030720,919,9200,sell
2020-07-08,003010,1282,4825,sell
2020-07-09,003680,697,12100,buy
2020-07-09,003680,697,12000,sell
2020-07-10,030720,913,9220,buy
2020-07-10,090080,6166,1230,buy
2020-07-10,011390,48,139500,buy
2020-07-10,003680,502,12250,buy
2020-07-10,090080,6166,1200,sell
2020-07-10,011390,48,132500,sell
2020-07-10,030720,913,9070,sell
2020-07-10,003680,502,12700,sell
2020-07-13,298000,79,105000,buy
2020-07-13,031820,5722,1320,buy
2020-07-13,003680,496,13700,buy
2020-07-13,298000,79,106500,sell
2020-07-13,003680,496,16500,sell
2020-07-13,031820,5722,1310,sell
2020-07-14,013000,4476,1905,buy
2020-07-14,003580,1411,5440,buy
2020-07-14,090080,5174,1335,buy
2020-07-14,003580,1411,5330,sell
2020-07-14,013000,4476,1985,sell
2020-07-14,090080,5174,1235,sell
2020-07-15,008350,1445,5880,buy
2020-07-15,011230,2664,2870,buy
2020-07-15,092220,8059,854,buy
2020-07-15,008350,1445,5890,sell
2020-07-15,092220,8059,850,sell
2020-07-15,011230,2664,2970,sell
2020-07-16,008700,4708,1810,buy
2020-07-16,003680,480,15950,buy
2020-07-16,003010,1420,4860,buy
2020-07-16,003010,1420,4810,sell
2020-07-16,008700,4708,1805,sell
2020-07-16,003680,480,16100,sell
2020-07-17,020760,2839,3000,buy
2020-07-17,002700,4046,1895,buy
2020-07-17,008700,3680,1875,buy
2020-07-17,011230,2029,3060,buy
2020-07-17,008700,3680,1855,sell
2020-07-17,011230,2029,2970,sell
2020-07-17,020760,2839,2960,sell
2020-07-17,002700,4046,1860,sell
2020-07-20,030720,899,9420,buy
2020-07-20,030720,899,9400,sell
2020-07-21,011230,2875,2945,buy
2020-07-21,064350,479,15900,buy
2020-07-21,025560,1982,3460,buy
2020-07-21,033180,1263,4885,buy
2020-07-21,003010,1145,4850,buy
2020-07-21,002700,2695,1855,buy
2020-07-21,064350,479,15800,sell
2020-07-21,033180,1263,4700,sell
2020-07-21,002700,2695,1845,sell
2020-07-21,011230,2875,2915,sell
2020-07-21,025560,1982,3485,sell
2020-07-21,003010,1145,4875,sell
2020-07-22,001510,9269,910,buy
2020-07-22,003010,1503,5050,buy
2020-07-22,002760,3644,1875,buy
2020-07-22,006890,953,6450,buy
2020-07-22,000520,279,19800,buy
2020-07-22,000520,279,20350,sell
2020-07-22,002760,3644,1860,sell
2020-07-22,001510,9269,878,sell
2020-07-22,006890,953,6490,sell
2020-07-22,003010,1503,5120,sell
2020-07-23,001420,2344,3595,buy
2020-07-23,001550,333,22750,buy
2020-07-23,002100,496,13750,buy
2020-07-23,001260,561,10950,buy
2020-07-23,002100,496,13450,sell
2020-07-23,001420,2344,3390,sell
2020-07-23,001260,561,10900,sell
2020-07-23,001550,333,22900,sell
2020-07-24,011390,64,130500,buy
2020-07-24,001260,681,11050,buy
2020-07-24,071950,5896,1150,buy
2020-07-24,090080,4962,1230,buy
2020-07-24,010820,2260,2430,buy
2020-07-24,071950,5896,1130,sell
2020-07-24,001260,681,10750,sell
2020-07-24,011390,64,128500,sell
2020-07-24,010820,2260,2350,sell
2020-07-24,090080,4962,1220,sell
2020-07-27,009470,440,18850,buy
2020-07-27,030720,807,9250,buy
2020-07-27,001820,121,55400,buy
2020-07-27,011390,46,129500,buy
2020-07-27,002700,2991,1825,buy
2020-07-27,001550,201,24400,buy
2020-07-27,002100,305,14500,buy
2020-07-27,001820,121,54900,sell
2020-07-27,001550,201,26550,sell
2020-07-27,002100,305,14200,sell
2020-07-27,009470,440,18500,sell
2020-07-27,011390,46,130500,sell
2020-07-27,030720,807,9240,sell
2020-07-27,002700,2991,1900,sell
2020-07-28,003580,1594,5230,buy
2020-07-28,001820,131,57000,buy
2020-07-28,009470,355,19000,buy
2020-07-28,011390,46,132000,buy
2020-07-28,003580,1594,5150,sell
2020-07-28,009470,355,19200,sell
2020-07-28,011390,46,129500,sell
2020-07-28,001820,131,59500,sell
2020-07-29,001550,328,25400,buy
2020-07-29,003010,1474,5100,buy
2020-07-29,003010,1474,5010,sell
2020-07-29,001550,328,24550,sell
2020-07-30,011390,62,132000,buy
2020-07-30,123690,537,13950,buy
2020-07-30,039130,176,38200,buy
2020-07-30,002760,3172,1915,buy
2020-07-30,003350,129,42300,buy
2020-07-30,008700,2812,1750,buy
2020-07-30,006110,829,5340,buy
2020-07-30,039130,176,38100,sell
2020-07-30,003350,129,41050,sell
2020-07-30,011390,62,131500,sell
2020-07-30,002760,3172,1990,sell
2020-07-30,006110,829,5440,sell
2020-07-30,123690,537,13850,sell
2020-07-30,008700,2812,1735,sell
2020-07-31,003580,1633,5090,buy
2020-07-31,003580,1633,5080,sell
2020-08-03,003300,954,8710,buy
2020-08-03,001550,315,23750,buy
2020-08-03,006110,1258,5350,buy
2020-08-03,001820,98,61800,buy
2020-08-03,004770,1492,3655,buy
2020-08-03,003300,954,8820,sell
2020-08-03,004770,1492,3620,sell
2020-08-03,001820,98,61200,sell
2020-08-03,001550,315,23850,sell
2020-08-03,006110,1258,5480,sell
2020-08-04,002720,809,10300,buy
2020-08-04,090080,6410,1170,buy
2020-08-04,011390,51,131500,buy
2020-08-04,008700,3544,1715,buy
2020-08-04,002720,809,10600,sell
2020-08-04,011390,51,130000,sell
2020-08-04,008700,3544,1710,sell
2020-08-04,090080,6410,1160,sell
2020-08-05,293940,1269,6570,buy
2020-08-05,011700,5381,1395,buy
2020-08-05,002870,4034,1675,buy
2020-08-05,293940,1269,6530,sell
2020-08-05,002870,4034,1660,sell
2020-08-05,011700,5381,1370,sell
2020-08-06,011390,63,131500,buy
2020-08-06,006110,1351,5540,buy
2020-08-06,001550,272,24700,buy
2020-08-06,002100,411,14750,buy
2020-08-06,008060,803,6800,buy
2020-08-06,002760,2567,1915,buy
2020-08-06,002100,411,16300,sell
2020-08-06,001550,272,25700,sell
2020-08-06,011390,63,133000,sell
2020-08-06,002760,2567,1920,sell
2020-08-06,006110,1351,5690,sell
2020-08-06,008060,803,6700,sell
2020-08-07,031820,6826,1235,buy
2020-08-07,013700,5705,1330,buy
2020-08-07,008700,4017,1700,buy
2020-08-07,002410,922,6660,buy
2020-08-07,008970,5319,1040,buy
2020-08-07,008970,5319,1030,sell
2020-08-07,002410,922,6360,sell
2020-08-07,008700,4017,1660,sell
2020-08-07,013700,5705,1310,sell
2020-08-07,031820,6826,1215,sell
2020-08-10,090080,7081,1180,buy
2020-08-10,001550,282,26650,buy
2020-08-10,008420,2417,2800,buy
2020-08-10,014580,1530,3980,buy
2020-08-10,001550,282,26250,sell
2020-08-10,014580,1530,3965,sell
2020-08-10,090080,7081,1195,sell
2020-08-10,008420,2417,2790,sell
2020-08-11,009810,8583,973,buy
2020-08-11,011390,57,131000,buy
2020-08-11,008420,2387,2835,buy
2020-08-11,069460,2769,2200,buy
2020-08-11,009810,8583,1016,sell
2020-08-11,008420,2387,2930,sell
2020-08-11,011390,57,131000,sell
2020-08-11,069460,2769,2170,sell
2020-08-12,007610,3244,2590,buy
2020-08-12,002690,3918,1930,buy
2020-08-12,007610,3244,2560,sell
2020-08-12,002690,3918,1950,sell
2020-08-13,003010,1538,5460,buy
2020-08-13,006110,1120,6750,buy
2020-08-13,079160,273,24850,buy
2020-08-13,079160,273,24450,sell
2020-08-13,003010,1538,5280,sell
2020-08-13,006110,1120,7140,sell
2020-08-14,002760,4459,1885,buy
2020-08-14,010100,2833,2670,buy
2020-08-14,010820,3012,2260,buy
2020-08-14,010100,2833,2420,sell
2020-08-14,010820,3012,2200,sell
2020-08-14,002760,4459,1875,sell
2020-08-19,011810,1607,5170,buy
2020-08-19,011810,1607,5100,sell
2020-08-20,000890,10074,824,buy
2020-08-20,002210,602,12400,buy
2020-08-20,004830,1200,5600,buy
2020-08-20,002210,602,12650,sell
2020-08-20,004830,1200,5430,sell
2020-08-20,000890,10074,792,sell
2020-08-21,033180,2586,3195,buy
2020-08-21,008700,5059,1470,buy
2020-08-21,008700,5059,1470,sell
2020-08-21,033180,2586,3155,sell
2020-08-24,058850,3760,2195,buy
2020-08-24,031820,7040,1055,buy
2020-08-24,010100,2984,2240,buy
2020-08-24,064350,390,15400,buy
2020-08-24,001060,143,37680,buy
2020-08-24,064350,390,15150,sell
2020-08-24,058850,3760,2060,sell
2020-08-24,001060,143,37340,sell
2020-08-24,010100,2984,2280,sell
2020-08-24,031820,7040,1130,sell
2020-08-25,072130,2792,2955,buy
2020-08-25,017180,1254,5920,buy
2020-08-25,069460,3437,1945,buy
2020-08-25,012630,605,9930,buy
2020-08-25,008700,3551,1525,buy
2020-08-25,090080,4451,1095,buy
2020-08-25,011390,36,121000,buy
2020-08-25,002210,309,12750,buy
2020-08-25,005030,10715,332,buy
2020-08-25,012630,605,9900,sell
2020-08-25,011390,36,119500,sell
2020-08-25,017180,1254,6140,sell
2020-08-25,005030,10715,329,sell
2020-08-25,069460,3437,1930,sell
2020-08-25,002210,309,12800,sell
2020-08-25,072130,2792,3110,sell
2020-08-25,008700,3551,1530,sell
2020-08-25,090080,4451,1100,sell
2020-08-26,002210,627,13250,buy
2020-08-26,072130,2101,3560,buy
2020-08-26,031820,5497,1225,buy
2020-08-26,017180,916,6610,buy
2020-08-26,072130,2101,4040,sell
2020-08-26,031820,5497,1310,sell
2020-08-26,017180,916,6440,sell
2020-08-26,002210,627,12900,sell
2020-08-27,072130,1790,4705,buy
2020-08-27,072130,1790,4365,sell
2020-08-28,026940,1540,5430,buy
2020-08-28,002210,583,12900,buy
2020-08-28,024900,3612,1875,buy
2020-08-28,001380,3225,1890,buy
2020-08-28,005320,1491,3680,buy
2020-08-28,002870,3527,1400,buy
2020-08-28,002210,583,12500,sell
2020-08-28,001380,3225,1845,sell
2020-08-28,026940,1540,5260,sell
2020-08-28,005320,1491,3590,sell
2020-08-28,002870,3527,1510,sell
2020-08-28,024900,3612,1860,sell
2020-08-31,002920,3409,2440,buy
2020-08-31,033180,2091,3580,buy
2020-08-31,008970,6778,994,buy
2020-08-31,008420,2341,2590,buy
2020-08-31,025620,1938,2815,buy
2020-08-31,008420,2341,2585,sell
2020-08-31,033180,2091,3570,sell
2020-08-31,002920,3409,2430,sell
2020-08-31,025620,1938,2795,sell
2020-08-31,008970,6778,996,sell
2020-09-01,011090,8186,1015,buy
2020-09-01,012600,897,8336,buy
2020-09-01,011090,8186,1010,sell
2020-09-01,012600,897,8336,sell
2020-09-02,031820,6152,1350,buy
2020-09-02,002210,577,12950,buy
2020-09-02,031820,6152,1335,sell
2020-09-02,002210,577,13050,sell
2020-09-03,033180,2274,3650,buy
2020-09-03,002820,1995,3745,buy
2020-09-03,006340,6932,970,buy
2020-09-03,025750,5285,1145,buy
2020-09-03,007610,2107,2585,buy
2020-09-03,068290,246,19900,buy
2020-09-03,011390,37,117500,buy
2020-09-03,006340,6932,971,sell
2020-09-03,033180,2274,3745,sell
2020-09-03,025750,5285,1110,sell
2020-09-03,002820,1995,3885,sell
2020-09-03,011390,37,117500,sell
2020-09-03,007610,2107,2570,sell
2020-09-03,068290,246,20050,sell
2020-09-04,008250,1071,7780,buy
2020-09-04,068290,381,19650,buy
2020-09-04,008970,6765,998,buy
2020-09-04,004830,1208,5030,buy
2020-09-04,090080,4905,1115,buy
2020-09-04,025750,4495,1095,buy
2020-09-04,008250,1071,7990,sell
2020-09-04,004830,1208,5050,sell
2020-09-04,090080,4905,1115,sell
2020-09-04,025750,4495,1110,sell
2020-09-04,008970,6765,1000,sell
2020-09-04,068290,381,19750,sell
2020-09-07,003010,1764,4745,buy
2020-09-07,008250,908,8290,buy
2020-09-07,025750,5871,1155,buy
2020-09-07,008420,2268,2690,buy
2020-09-07,004980,770,7130,buy
2020-09-07,010040,1502,3290,buy
2020-09-07,008970,4299,1035,buy
2020-09-07,008420,2268,2745,sell
2020-09-07,008250,908,9090,sell
2020-09-07,004980,770,7250,sell
2020-09-07,025750,5871,1200,sell
2020-09-07,008970,4299,1065,sell
2020-09-07,003010,1764,5250,sell
2020-09-07,010040,1502,3260,sell
2020-09-09,033180,2366,3630,buy
2020-09-09,119650,1200,6440,buy
2020-09-09,014130,1209,5750,buy
2020-09-09,008420,2302,2720,buy
2020-09-09,010040,1723,3270,buy
2020-09-09,010040,1723,3250,sell
2020-09-09,014130,1209,5610,sell
2020-09-09,008420,2302,2735,sell
2020-09-09,033180,2366,3645,sell
2020-09-09,119650,1200,6450,sell
2020-09-10,051630,2290,3745,buy
2020-09-10,030720,854,9030,buy
2020-09-10,003680,505,13750,buy
2020-09-10,030720,854,8970,sell
2020-09-10,003680,505,13600,sell
2020-09-10,051630,2290,3695,sell
2020-09-11,002760,4131,2070,buy
2020-09-11,053690,864,8900,buy
2020-09-11,011390,57,121500,buy
2020-09-11,001420,1781,3500,buy
2020-09-11,051630,1454,3860,buy
2020-09-11,011390,57,119500,sell
2020-09-11,051630,1454,3770,sell
2020-09-11,002760,4131,2615,sell
2020-09-11,001420,1781,3570,sell
2020-09-11,053690,864,8930,sell
2020-09-14,051630,2283,3840,buy
2020-09-14,030790,1541,5120,buy
2020-09-14,002760,2336,3040,buy
2020-09-14,011390,52,122500,buy
2020-09-14,007540,110,52200,buy
2020-09-14,007540,110,51900,sell
2020-09-14,002760,2336,2845,sell
2020-09-14,051630,2283,3775,sell
2020-09-14,011390,52,123500,sell
2020-09-14,030790,1541,5050,sell
2020-09-15,051630,2262,3845,buy
2020-09-15,248170,164,47500,buy
2020-09-15,248170,164,47650,sell
2020-09-15,051630,2262,3770,sell
2020-09-16,008250,949,9150,buy
2020-09-16,033250,2703,2891,buy
2020-09-16,010400,876,8030,buy
2020-09-16,010820,2795,2265,buy
2020-09-16,010820,2795,2240,sell
2020-09-16,008250,949,8790,sell
2020-09-16,010400,876,7920,sell
2020-09-16,033250,2703,2840,sell
2020-09-21,010040,2592,3325,buy
2020-09-21,003010,1450,5350,buy
2020-09-21,025820,4350,1605,buy
2020-09-21,010820,2805,2240,buy
2020-09-21,003010,1450,5210,sell
2020-09-21,010040,2592,3320,sell
2020-09-21,025820,4350,1570,sell
2020-09-21,010820,2805,2175,sell
2020-09-23,010400,1125,7610,buy
2020-09-23,010400,1125,7660,sell
2020-09-24,001550,408,21000,buy
2020-09-24,025820,5041,1530,buy
2020-09-24,000520,324,21400,buy
2020-09-24,293480,265,23550,buy
2020-09-24,019170,33,169500,buy
2020-09-24,000520,324,21200,sell
2020-09-24,293480,265,23100,sell
2020-09-24,025820,5041,1465,sell
2020-09-24,019170,33,150000,sell
2020-09-24,001550,408,20000,sell
2020-09-25,293480,356,23600,buy
2020-09-25,003010,1530,4950,buy
2020-09-25,007280,3797,1795,buy
2020-09-25,014990,3630,1690,buy
2020-09-25,009270,3972,1390,buy
2020-09-25,014990,3630,1725,sell
2020-09-25,007280,3797,1800,sell
2020-09-25,009270,3972,1400,sell
2020-09-25,293480,356,23100,sell
2020-09-25,003010,1530,4795,sell
2020-09-28,010770,2546,3295,buy
2020-09-28,248170,175,43100,buy
2020-09-28,090080,5989,1135,buy
2020-09-28,293480,260,23500,buy
2020-09-28,003680,418,13150,buy
2020-09-28,002210,411,12050,buy
2020-09-28,030720,503,8860,buy
2020-09-28,306200,50,80000,buy
2020-09-28,003680,418,12600,sell
2020-09-28,248170,175,43500,sell
2020-09-28,293480,260,23550,sell
2020-09-28,306200,50,80700,sell
2020-09-28,010770,2546,3285,sell
2020-09-28,090080,5989,1135,sell
2020-09-28,030720,503,8820,sell
2020-09-28,002210,411,12100,sell
2020-09-29,010770,2435,3440,buy
2020-09-29,000890,8453,892,buy
2020-09-29,010040,2081,3260,buy
2020-09-29,293480,253,24050,buy
2020-09-29,010040,2081,3270,sell
2020-09-29,000890,8453,900,sell
2020-09-29,010770,2435,3340,sell
2020-09-29,293480,253,24150,sell
2020-10-05,025820,5414,1545,buy
2020-10-05,011170,36,203500,buy
2020-10-05,030720,761,8930,buy
2020-10-05,001070,180,33900,buy
2020-10-05,105840,1445,3810,buy
2020-10-05,010040,1494,3315,buy
2020-10-05,007540,92,48000,buy
2020-10-05,030720,761,8910,sell
2020-10-05,010040,1494,3310,sell
2020-10-05,011170,36,213000,sell
2020-10-05,025820,5414,1575,sell
2020-10-05,001070,180,33750,sell
2020-10-05,007540,92,48400,sell
2020-10-05,105840,1445,3835,sell
2020-10-06,030720,932,9030,buy
2020-10-06,007280,3624,2090,buy
2020-10-06,010400,893,7630,buy
2020-10-06,007540,123,49550,buy
2020-10-06,007280,3624,1855,sell
2020-10-06,010400,893,7600,sell
2020-10-06,007540,123,48850,sell
2020-10-06,030720,932,9040,sell
2020-10-07,009470,449,18500,buy
2020-10-07,074610,1856,4035,buy
2020-10-07,000890,7584,889,buy
2020-10-07,002210,483,12550,buy
2020-10-07,009470,449,18500,sell
2020-10-07,002210,483,12600,sell
2020-10-07,000890,7584,909,sell
2020-10-07,074610,1856,4105,sell
2020-10-08,010040,2485,3360,buy
2020-10-08,007540,152,49250,buy
2020-10-08,001290,6540,1035,buy
2020-10-08,030720,666,9140,buy
2020-10-08,105840,1329,4125,buy
2020-10-08,105840,1329,4090,sell
2020-10-08,030720,666,9020,sell
2020-10-08,001290,6540,1025,sell
2020-10-08,007540,152,49150,sell
2020-10-08,010040,2485,3350,sell
2020-10-12,017550,4601,1810,buy
2020-10-12,017550,4601,1775,sell
2020-10-13,026890,583,14250,buy
2020-10-13,026890,583,14150,sell
2020-10-14,000910,1015,8180,buy
2020-10-14,010040,2167,3450,buy
2020-10-14,001380,3348,2010,buy
2020-10-14,017550,3402,1780,buy
2020-10-14,001380,3348,2060,sell
2020-10-14,017550,3402,1790,sell
2020-10-14,000910,1015,7990,sell
2020-10-14,010040,2167,3415,sell
2020-10-15,009460,3851,2155,buy
2020-10-15,002900,5047,1480,buy
2020-10-15,003780,1495,4495,buy
2020-10-15,010640,1537,3935,buy
2020-10-15,010640,1537,3920,sell
2020-10-15,009460,3851,2170,sell
2020-10-15,003780,1495,4390,sell
2020-10-15,002900,5047,1420,sell
2020-10-16,084680,2450,3370,buy
2020-10-16,084680,2450,3280,sell
2020-10-19,007540,171,48000,buy
2020-10-19,000890,8642,858,buy
2020-10-19,013570,1528,4365,buy
2020-10-19,013570,1528,4315,sell
2020-10-19,007540,171,47600,sell
2020-10-19,000890,8642,849,sell
2020-10-20,000890,9697,847,buy
2020-10-20,026940,1482,4985,buy
2020-10-20,010040,2041,3260,buy
2020-10-20,002100,477,12550,buy
2020-10-20,051630,1046,5150,buy
2020-10-20,227840,439,11050,buy
2020-10-20,026940,1482,4855,sell
2020-10-20,010040,2041,3190,sell
2020-10-20,002100,477,12200,sell
2020-10-20,227840,439,11050,sell
2020-10-20,051630,1046,5040,sell
2020-10-20,000890,9697,841,sell
2020-10-21,009810,11267,723,buy
2020-10-21,017550,3889,1885,buy
2020-10-21,082740,1334,4945,buy
2020-10-21,051630,1144,5190,buy
2020-10-21,010040,1634,3270,buy
2020-10-21,003780,987,4870,buy
2020-10-21,082740,1334,4965,sell
2020-10-21,003780,987,4890,sell
2020-10-21,009810,11267,727,sell
2020-10-21,051630,1144,5160,sell
2020-10-21,017550,3889,2290,sell
2020-10-21,010040,1634,3260,sell
2020-10-22,047400,1916,4335,buy
2020-10-22,047400,1916,4295,sell
2020-10-23,014910,4160,1995,buy
2020-10-23,000910,1019,7330,buy
2020-10-23,010040,2037,3300,buy
2020-10-23,000910,1019,7320,sell
2020-10-23,014910,4160,1950,sell
2020-10-23,010040,2037,3310,sell
2020-10-26,214330,2779,2980,buy
2020-10-26,214330,2779,2830,sell
2020-10-27,010040,2567,3210,buy
2020-10-27,011390,65,112500,buy
2020-10-27,000890,8294,806,buy
2020-10-27,009460,3031,1985,buy
2020-10-27,026890,544,9940,buy
2020-10-27,010040,2567,3170,sell
2020-10-27,000890,8294,805,sell
2020-10-27,011390,65,110500,sell
2020-10-27,026890,544,9710,sell
2020-10-27,009460,3031,1930,sell
2020-10-28,009460,4114,1990,buy
2020-10-28,011390,66,111000,buy
2020-10-28,005110,6320,1050,buy
2020-10-28,008700,2228,2680,buy
2020-10-28,026890,544,9870,buy
2020-10-28,000890,5929,816,buy
2020-10-28,001820,84,51600,buy
2020-10-28,000890,5929,814,sell
2020-10-28,005110,6320,1070,sell
2020-10-28,001820,84,51700,sell
2020-10-28,026890,544,10150,sell
2020-10-28,008700,2228,2375,sell
2020-10-28,009460,4114,2020,sell
2020-10-28,011390,66,111500,sell
2020-10-29,010040,2558,3190,buy
2020-10-29,214330,2736,2685,buy
2020-10-29,008350,1661,3980,buy
2020-10-29,020120,670,8880,buy
2020-10-29,026890,527,10150,buy
2020-10-29,214330,2736,2655,sell
2020-10-29,008350,1661,4020,sell
2020-10-29,026890,527,10050,sell
2020-10-29,010040,2558,3175,sell
2020-10-29,020120,670,8900,sell
2020-10-30,001020,4810,1695,buy
2020-10-30,000890,8884,826,buy
2020-10-30,001020,4810,1615,sell
2020-10-30,000890,8884,823,sell
2020-11-02,008350,2061,3935,buy
2020-11-02,010040,2314,3155,buy
2020-11-02,000100,112,58276,buy
2020-11-02,071970,1569,3770,buy
2020-11-02,026890,545,9760,buy
2020-11-02,133820,1869,2565,buy
2020-11-02,071970,1569,3815,sell
2020-11-02,008350,2061,4025,sell
2020-11-02,133820,1869,2560,sell
2020-11-02,000100,112,58085,sell
2020-11-02,026890,545,9700,sell
2020-11-02,010040,2314,3130,sell
2020-11-03,020120,941,8630,buy
2020-11-03,000890,8780,833,buy
2020-11-03,011390,59,110500,buy
2020-11-03,002100,498,11900,buy
2020-11-03,001550,293,18200,buy
2020-11-03,001550,293,18050,sell
2020-11-03,020120,941,8400,sell
2020-11-03,002100,498,11850,sell
2020-11-03,000890,8780,841,sell
2020-11-03,011390,59,113000,sell
2020-11-04,008350,1985,4090,buy
2020-11-04,009460,3590,2035,buy
2020-11-04,011390,56,115500,buy
2020-11-04,007660,1434,4135,buy
2020-11-04,011390,56,122500,sell
2020-11-04,007660,1434,4100,sell
2020-11-04,009460,3590,2010,sell
2020-11-04,008350,1985,4370,sell
2020-11-05,012690,1564,5240,buy
2020-11-05,026890,734,10050,buy
2020-11-05,012690,1564,5340,sell
2020-11-05,026890,734,10100,sell
2020-11-06,000890,9601,856,buy
2020-11-06,002880,9121,811,buy
2020-11-06,008350,1497,4445,buy
2020-11-06,002410,1033,5800,buy
2020-11-06,002410,1033,5770,sell
2020-11-06,000890,9601,888,sell
2020-11-06,008350,1497,4420,sell
2020-11-06,002880,9121,818,sell
2020-11-09,009460,4004,2060,buy
2020-11-09,009180,3569,2080,buy
2020-11-09,071970,1645,4060,buy
2020-11-09,026890,595,10100,buy
2020-11-09,009180,3569,2110,sell
2020-11-09,071970,1645,4140,sell
2020-11-09,009460,4004,2115,sell
2020-11-09,026890,595,10000,sell
2020-11-10,003780,1821,4550,buy
2020-11-10,900140,2364,3155,buy
2020-11-10,900140,2364,3230,sell
2020-11-10,003780,1821,4430,sell
2020-11-11,002880,9934,834,buy
2020-11-11,009180,3460,2155,buy
2020-11-11,005110,5711,1175,buy
2020-11-11,008350,1366,4420,buy
2020-11-11,008350,1366,4380,sell
2020-11-11,005110,5711,1170,sell
2020-11-11,002880,9934,827,sell
2020-11-11,009180,3460,2175,sell
2020-11-12,071970,1952,4240,buy
2020-11-12,009180,3333,2235,buy
2020-11-12,008350,1493,4490,buy
2020-11-12,026890,613,9840,buy
2020-11-12,214420,554,9800,buy
2020-11-12,180640,54,89600,buy
2020-11-12,003350,106,41300,buy
2020-11-12,005110,3264,1215,buy
2020-11-12,003350,106,40600,sell
2020-11-12,026890,613,9700,sell
2020-11-12,214420,554,9830,sell
2020-11-12,009180,3333,2215,sell
2020-11-12,180640,54,84800,sell
2020-11-12,071970,1952,4165,sell
2020-11-12,005110,3264,1185,sell
2020-11-12,008350,1493,4440,sell
2020-11-13,011390,65,126000,buy
2020-11-13,011390,65,123000,sell
2020-11-16,026890,843,9700,buy
2020-11-16,002620,291,25250,buy
2020-11-16,008700,2639,2510,buy
2020-11-16,009180,2615,2280,buy
2020-11-16,002620,291,24800,sell
2020-11-16,009180,2615,2265,sell
2020-11-16,026890,843,9740,sell
2020-11-16,008700,2639,2525,sell
2020-11-17,025620,3053,2675,buy
2020-11-17,025890,4624,1590,buy
2020-11-17,214420,658,10050,buy
2020-11-17,013000,1843,3230,buy
2020-11-17,004830,605,8850,buy
2020-11-17,004310,727,6630,buy
2020-11-17,025890,4624,1565,sell
2020-11-17,004830,605,9730,sell
2020-11-17,013000,1843,3080,sell
2020-11-17,004310,727,6330,sell
2020-11-17,025620,3053,2650,sell
2020-11-17,214420,658,9850,sell
2020-11-18,009460,3857,2110,buy
2020-11-18,009180,3178,2305,buy
2020-11-18,026890,677,9740,buy
2020-11-18,009180,3178,2335,sell
2020-11-18,026890,677,9790,sell
2020-11-18,009460,3857,2095,sell
2020-11-19,214420,827,9840,buy
2020-11-19,028100,458,16000,buy
2020-11-19,004310,1010,6530,buy
2020-11-19,214420,827,9700,sell
2020-11-19,004310,1010,6450,sell
2020-11-19,028100,458,16100,sell
2020-11-20,267850,315,25750,buy
2020-11-20,008350,1741,4205,buy
2020-11-20,004870,6129,1075,buy
2020-11-20,002630,4075,1455,buy
2020-11-20,033180,1001,5330,buy
2020-11-20,026890,477,10050,buy
2020-11-20,267850,315,25250,sell
2020-11-20,002630,4075,1470,sell
2020-11-20,004870,6129,1075,sell
2020-11-20,008350,1741,4250,sell
2020-11-20,033180,1001,4640,sell
2020-11-20,026890,477,10100,sell
2020-11-23,012690,1407,5730,buy
2020-11-23,068290,288,25150,buy
2020-11-23,068290,288,25850,sell
2020-11-23,012690,1407,5500,sell
2020-11-24,084680,2268,3550,buy
2020-11-24,051630,1481,4890,buy
2020-11-24,008350,1518,4295,buy
2020-11-24,004310,890,6590,buy
2020-11-24,002150,672,7860,buy
2020-11-24,013700,2201,2160,buy
2020-11-24,031820,2578,1660,buy
2020-11-24,008350,1518,4355,sell
2020-11-24,002150,672,7890,sell
2020-11-24,031820,2578,1645,sell
2020-11-24,084680,2268,3460,sell
2020-11-24,004310,890,6530,sell
2020-11-24,013700,2201,2145,sell
2020-11-24,051630,1481,4800,sell
2020-11-25,011390,64,124000,buy
2020-11-25,023350,1719,4200,buy
2020-11-25,008600,4514,1440,buy
2020-11-25,008600,4514,1410,sell
2020-11-25,011390,64,119000,sell
2020-11-25,023350,1719,4090,sell
2020-11-26,031820,4848,1640,buy
2020-11-26,002880,8087,885,buy
2020-11-26,031820,4848,1625,sell
2020-11-26,002880,8087,899,sell
2020-11-27,003780,1746,4555,buy
2020-11-27,009460,3232,2215,buy
2020-11-27,008350,1445,4460,buy
2020-11-27,051630,1246,4655,buy
2020-11-27,008600,3728,1400,buy
2020-11-27,003780,1746,4605,sell
2020-11-27,051630,1246,4715,sell
2020-11-27,008600,3728,1410,sell
2020-11-27,009460,3232,2250,sell
2020-11-27,008350,1445,4475,sell
2020-11-30,009460,3241,2465,buy
2020-11-30,051630,1501,4790,buy
2020-11-30,009460,3241,2565,sell
2020-11-30,051630,1501,4735,sell
2020-12-01,010040,2410,3325,buy
2020-12-01,004270,1606,4490,buy
2020-12-01,010640,1836,3535,buy
2020-12-01,004270,1606,4590,sell
2020-12-01,010040,2410,3305,sell
2020-12-01,010640,1836,3510,sell
2020-12-02,084680,2379,3370,buy
2020-12-02,000890,7519,960,buy
2020-12-02,002880,7155,908,buy
2020-12-02,003780,1244,4700,buy
2020-12-02,084680,2379,3355,sell
2020-12-02,002880,7155,899,sell
2020-12-02,000890,7519,960,sell
2020-12-02,003780,1244,4795,sell
2020-12-03,005110,5877,1365,buy
2020-12-04,008350,1686,4280,buy
2020-12-04,010600,2825,2300,buy
2020-12-04,007110,2924,2000,buy
2020-12-04,000890,5295,994,buy
2020-12-04,001380,2114,2240,buy
2020-12-04,008350,1686,4225,sell
2020-12-04,005110,5877,1340,sell
2020-12-04,001380,2114,2255,sell
2020-12-04,000890,5295,963,sell
2020-12-04,010600,2825,2300,sell
2020-12-04,007110,2924,1975,sell
2020-12-07,007660,1974,4040,buy
2020-12-07,004310,1094,6560,buy
2020-12-07,005110,4751,1360,buy
2020-12-07,005110,4751,1390,sell
2020-12-07,004310,1094,6630,sell
2020-12-07,007660,1974,4005,sell
2020-12-08,008350,1898,4210,buy
2020-12-08,081000,148,48350,buy
2020-12-08,000890,6671,971,buy
2020-12-08,009320,1979,2945,buy
2020-12-08,090080,4664,1125,buy
2020-12-08,001380,2009,2350,buy
2020-12-08,003780,890,4775,buy
2020-12-08,081000,148,48050,sell
2020-12-08,008350,1898,4465,sell
2020-12-08,009320,1979,2855,sell
2020-12-08,001380,2009,2270,sell
2020-12-08,090080,4664,1140,sell
2020-12-08,003780,890,4760,sell
2020-12-08,000890,6671,959,sell
2020-12-09,017550,2099,3810,buy
2020-12-09,010770,2162,3330,buy
2020-12-09,003780,1325,4890,buy
2020-12-09,000890,5951,980,buy
2020-12-09,084680,1497,3505,buy
2020-12-09,009180,1968,2400,buy
2020-12-09,017550,2099,3730,sell
2020-12-09,010770,2162,3290,sell
2020-12-09,000890,5951,1010,sell
2020-12-09,003780,1325,4875,sell
2020-12-09,084680,1497,3430,sell
2020-12-09,009180,1968,2430,sell
2020-12-10,072130,1952,4090,buy
2020-12-10,008350,1548,4640,buy
2020-12-10,009460,2764,2340,buy
2020-12-10,013000,1777,3275,buy
2020-12-10,072130,1952,4085,sell
2020-12-10,008350,1548,4895,sell
2020-12-10,009460,2764,2320,sell
2020-12-10,013000,1777,3200,sell
2020-12-11,090080,6961,1150,buy
2020-12-11,013000,2220,3245,buy
2020-12-11,000890,6205,1045,buy
2020-12-11,004770,1414,4125,buy
2020-12-11,051630,1019,5150,buy
2020-12-11,090080,6961,1150,sell
2020-12-11,013000,2220,3230,sell
2020-12-11,004770,1414,4140,sell
2020-12-11,051630,1019,5180,sell
2020-12-11,000890,6205,1010,sell
2020-12-14,014160,4316,1850,buy
2020-12-14,000890,6910,1040,buy
2020-12-14,002210,525,12300,buy
2020-12-14,000890,6910,1050,sell
2020-12-14,014160,4316,1800,sell
2020-12-14,002210,525,12100,sell
2020-12-15,004100,6803,1170,buy
2020-12-15,004100,6803,1160,sell
2020-12-16,002880,9141,870,buy
2020-12-16,009470,378,18900,buy
2020-12-16,002880,9141,864,sell
2020-12-16,009470,378,19050,sell
2020-12-17,023350,1653,4810,buy
2020-12-17,009470,368,19400,buy
2020-12-17,011090,4704,1370,buy
2020-12-17,001380,2577,2250,buy
2020-12-17,009470,368,19200,sell
2020-12-17,011090,4704,1335,sell
2020-12-17,023350,1653,4780,sell
2020-12-17,001380,2577,2235,sell
2020-12-18,005320,2218,3570,buy
2020-12-18,013570,1554,4585,buy
2020-12-18,024890,3525,1820,buy
2020-12-18,013570,1554,4605,sell
2020-12-18,024890,3525,1805,sell
2020-12-18,005320,2218,3495,sell
2020-12-21,014160,3892,2030,buy
2020-12-21,014160,3892,1995,sell
2020-12-22,010040,2266,3480,buy
2020-12-22,026890,804,8830,buy
2020-12-22,001380,2871,2225,buy
2020-12-22,024890,3117,1845,buy
2020-12-22,101140,864,5990,buy
2020-12-22,001380,2871,2145,sell
2020-12-22,010040,2266,3490,sell
2020-12-22,024890,3117,1765,sell
2020-12-22,101140,864,6250,sell
2020-12-22,026890,804,8510,sell
2020-12-23,007660,2060,3805,buy
2020-12-23,005320,1896,3720,buy
2020-12-23,298690,1827,3475,buy
2020-12-23,007660,2060,3795,sell
2020-12-23,005320,1896,3760,sell
2020-12-23,298690,1827,3440,sell
2020-12-24,298690,2262,3465,buy
2020-12-24,003780,1436,4910,buy
2020-12-24,002210,510,12450,buy
2020-12-24,003780,1436,4960,sell
2020-12-24,002210,510,12300,sell
2020-12-24,298690,2262,3500,sell
2020-12-29,008350,1713,4580,buy
2020-12-29,072130,1752,4030,buy
2020-12-29,118000,2323,2735,buy
2020-12-29,000890,6320,905,buy
2020-12-29,009270,3730,1380,buy
2020-12-29,004720,397,11650,buy
2020-12-29,013000,1438,2900,buy
2020-12-29,014990,2545,1475,buy
2020-12-29,013000,1438,2955,sell
2020-12-29,118000,2323,2775,sell
2020-12-29,004720,397,11200,sell
2020-12-29,009270,3730,1380,sell
2020-12-29,072130,1752,4020,sell
2020-12-29,008350,1713,4545,sell
2020-12-29,000890,6320,918,sell
2020-12-29,014990,2545,1455,sell
2020-12-30,026940,1798,4360,buy
2020-12-30,004270,1748,4035,buy
2020-12-30,007460,3105,2045,buy
2020-12-30,009270,4054,1410,buy
2020-12-30,008420,1484,3465,buy
2020-12-30,009270,4054,1410,sell
2020-12-30,008420,1484,3420,sell
2020-12-30,026940,1798,4455,sell
2020-12-30,004270,1748,4225,sell
2020-12-30,007460,3105,2045,sell
